County,County Code,Deaths,Population,Crude Rate/100k
"O'Brien County, IA",19141,31,13679,226.6
"Gulf County, FL",12045,28,13534,206.9
"Bienville Parish, LA",22013,23,12983,177.2
"Covington County, MS",28031,30,18518,162
"Carroll County, TN",47017,45,27779,162
"Clarke County, AL",1025,37,23291,158.9
"Callahan County, TX",48059,21,14110,148.8
"Martin County, NC",37117,33,22178,148.8
"Overton County, TN",47133,33,22566,146.2
"Young County, TX",48503,26,17904,145.2
"Monroe County, MS",28095,51,35123,145.2
"Houston County, TX",48225,33,22835,144.5
"Chelan County, WA",53007,109,77574,140.5
"Grayson County, VA",51077,21,15493,135.5
"Jackson County, AL",1071,67,51582,129.9
"Wyandot County, OH",39175,28,21711,129
"Chambers County, AL",1017,42,32865,127.8
"Union County, GA",13291,32,25358,126.2
"Avery County, NC",37011,22,17571,125.2
"Chattooga County, GA",13055,31,24843,124.8
"Emanuel County, GA",13107,28,22507,124.4
"Houston County, MN",27055,23,18632,123.4
"Hood County, TX",48221,77,63527,121.2
"Mahaska County, IA",19123,27,22370,120.7
"Green County, WI",55045,44,36603,120.2
"Tishomingo County, MS",28141,23,19275,119.3
"Ashley County, AR",5003,23,19339,118.9
"Gibson County, TN",47053,58,49159,118
"Attala County, MS",28007,21,18004,116.6
"Logan County, IL",17107,33,28383,116.3
"Hutchinson County, TX",48233,24,20677,116.1
"Webster Parish, LA",22119,44,37943,116
"White County, TN",47185,32,27707,115.5
"Scotland County, NC",37165,40,34637,115.5
"Yankton County, SD",46135,26,22742,114.3
"Grant County, AR",5053,21,18449,113.8
"Crawford County, OH",39033,47,41338,113.7
"Fillmore County, MN",27045,24,21135,113.6
"Fairfield County, SC",45039,25,22059,113.3
"Lawrence County, TN",47099,50,44432,112.5
"Itawamba County, MS",28057,26,23261,111.8
"Grenada County, MS",28043,23,20610,111.6
"Walla Walla County, WA",53071,68,61292,110.9
"Leake County, MS",28079,25,22741,109.9
"Otero County, CO",8089,20,18201,109.9
"Geneva County, AL",1061,29,26411,109.8
"Union County, OR",41061,29,26551,109.2
"Clay County, MS",28025,21,19352,108.5
"Jackson County, FL",12063,50,46085,108.5
"Bosque County, TX",48035,20,18603,107.5
"Iosco County, MI",26069,27,25140,107.4
"Knox County, IL",17095,52,49053,106
"Effingham County, IL",17049,36,34065,105.7
"Macon County, NC",37113,38,35994,105.6
"Llano County, TX",48299,23,21958,104.7
"Lee County, MS",28081,89,85466,104.1
"Cullman County, AL",1043,88,84515,104.1
"Pike County, AL",1109,34,32966,103.1
"Fannin County, TX",48147,37,35913,103
"Alcorn County, MS",28003,38,36889,103
"Hamblen County, TN",47063,67,65110,102.9
"Manistee County, MI",26101,25,24738,101.1
"Lauderdale County, AL",1077,94,93368,100.7
"Graves County, KY",21083,37,36818,100.5
"Worth County, GA",13321,20,19972,100.1
"Habersham County, GA",13137,46,46047,99.9
"Crisp County, GA",13081,22,22034,99.8
"Stephens County, GA",13257,26,26107,99.6
"Vermilion Parish, LA",22113,59,59378,99.4
"Colbert County, AL",1033,55,55411,99.3
"Meriwether County, GA",13199,21,21164,99.2
"Lauderdale County, MS",28075,73,73751,99
"Freeborn County, MN",27047,30,30364,98.8
"Caddo Parish, LA",22017,234,237479,98.5
"McPherson County, KS",20113,28,28448,98.4
"Logan County, AR",5083,21,21410,98.1
"Crawford County, AR",5033,62,63409,97.8
"Cass County, TX",48067,29,29879,97.1
"Otter Tail County, MN",27111,57,58741,97
"Crawford County, MO",29055,23,23739,96.9
"Lampasas County, TX",48281,21,21789,96.4
"Yazoo County, MS",28163,26,26982,96.4
"Caldwell County, NC",37027,79,82100,96.2
"Barnwell County, SC",45011,20,20805,96.1
"Jefferson Davis Parish, LA",22053,30,31208,96.1
"Shasta County, CA",6089,172,179027,96.1
"Richland County, OH",39139,116,120891,96
"Sebastian County, AR",5131,122,127590,95.6
"Kleberg County, TX",48273,29,30338,95.6
"Cape Girardeau County, MO",29031,76,79512,95.6
"Jackson County, WV",54035,27,28453,94.9
"Coos County, OR",41011,61,64711,94.3
"Fayette County, IL",17051,20,21264,94.1
"Etowah County, AL",1055,96,102371,93.8
"Franklin County, GA",13119,22,23504,93.6
"Malheur County, OR",41045,29,30983,93.6
"Garrett County, MD",24023,27,28852,93.6
"Dunklin County, MO",29069,27,28878,93.5
"Grainger County, TN",47057,22,23565,93.4
"St. Francois County, MO",29187,62,66485,93.3
"St. Martin Parish, LA",22099,49,52954,92.5
"Jersey County, IL",17083,20,21616,92.5
"Somerset County, PA",42111,67,72916,91.9
"Walker County, AL",1127,58,63143,91.9
"Greenup County, KY",21089,32,34865,91.8
"Fayette County, IN",18041,21,22892,91.7
"Hale County, TX",48189,30,32754,91.6
"Iron County, UT",49021,52,56814,91.5
"Morehouse Parish, LA",22067,22,24227,90.8
"Itasca County, MN",27061,41,45268,90.6
"Yadkin County, NC",37197,34,37625,90.4
"Avoyelles Parish, LA",22009,36,39966,90.1
"Iberia Parish, LA",22045,62,68991,89.9
"Carroll County, VA",51035,27,30074,89.8
"Rhea County, TN",47143,30,33443,89.7
"Lawrence County, OH",39087,53,59091,89.7
"Neshoba County, MS",28099,26,28996,89.7
"Mason County, MI",26105,26,29164,89.2
"Kanawha County, WV",54039,157,176253,89.1
"Douglas County, MN",27041,34,38328,88.7
"Huron County, MI",26063,27,30653,88.1
"Barren County, KY",21009,39,44300,88
"Lane County, OR",41039,336,382986,87.7
"Butler County, MO",29023,37,42178,87.7
"Jasper County, TX",48241,31,35375,87.6
"Boone County, IA",19015,23,26277,87.5
"Tom Green County, TX",48451,105,120010,87.5
"LaSalle County, IL",17099,94,107571,87.4
"St. Landry Parish, LA",22097,71,81440,87.2
"Newaygo County, MI",26123,43,49348,87.1
"Madison County, MS",28089,93,106871,87
"Erie County, OH",39043,64,73719,86.8
"Coos County, NH",33007,27,31174,86.6
"Hertford County, NC",37091,20,23108,86.6
"Butts County, GA",13035,22,25426,86.5
"Lewis County, WA",53041,71,82109,86.5
"Grant County, WI",55043,44,51021,86.2
"Ashland County, OH",39005,46,53362,86.2
"Scott County, MO",29201,33,38288,86.2
"Iroquois County, IL",17075,23,26711,86.1
"Scioto County, OH",39145,64,74347,86.1
"Fulton County, IL",17057,29,33690,86.1
"Marion County, FL",12083,321,373513,85.9
"Curry County, OR",41015,20,23305,85.8
"Limestone County, TX",48293,20,23340,85.7
"Bradley County, TN",47011,93,109071,85.3
"St. Francis County, AR",5123,21,24682,85.1
"Dubois County, IN",18037,36,42542,84.6
"Cumberland County, TN",47035,52,61603,84.4
"Cleburne County, AR",5023,21,24935,84.2
"Burleigh County, ND",38015,81,96212,84.2
"Mahoning County, OH",39099,190,226075,84
"McLeod County, MN",27085,30,35710,84
"Prentiss County, MS",28117,21,25013,84
"Bryan County, OK",40013,41,48998,83.7
"Tift County, GA",13277,34,40719,83.5
"Lincoln County, WI",55069,23,27566,83.4
"Austin County, TX",48015,25,29972,83.4
"Stark County, OH",39151,308,369772,83.3
"Pontotoc County, MS",28115,27,32461,83.2
"Ottawa County, MI",26139,245,294635,83.2
"Robeson County, NC",37155,108,129999,83.1
"Fannin County, GA",13111,22,26521,83
"Cocke County, TN",47029,30,36225,82.8
"Brown County, SD",46013,32,38738,82.6
"Pittsburg County, OK",40121,36,43679,82.4
"Mohave County, AZ",4015,179,217206,82.4
"Franklin County, TN",47051,35,42485,82.4
"Amador County, CA",6005,33,40083,82.3
"Garland County, AR",5051,82,99789,82.2
"Hardin County, TN",47071,21,25583,82.1
"Bladen County, NC",37017,27,32911,82
"Hocking County, OH",39073,23,28095,81.9
"Henry County, OH",39069,22,26904,81.8
"Bay County, FL",12005,140,171322,81.7
"Grayson County, TX",48181,113,138318,81.7
"Boyd County, KY",21019,38,46516,81.7
"Rapides Parish, LA",22079,105,128567,81.7
"Putnam County, TN",47141,66,80929,81.6
"Giles County, TN",47055,24,29530,81.3
"Polk County, TX",48373,43,52995,81.1
"Marion County, IL",17121,30,37045,81
"Lafayette County, MS",28071,44,54408,80.9
"McCracken County, KY",21145,53,65644,80.7
"Crow Wing County, MN",27035,53,65644,80.7
"Brown County, OH",39015,35,43414,80.6
"Branch County, MI",26023,35,43424,80.6
"Pearl River County, MS",28109,45,55876,80.5
"Forrest County, MS",28035,60,75009,80
"Muskegon County, MI",26121,139,173883,79.9
"Adams County, OH",39001,22,27531,79.9
"Goodhue County, MN",27049,37,46318,79.9
"Houston County, AL",1069,85,106580,79.8
"Obion County, TN",47131,24,30131,79.7
"Bolivar County, MS",28011,24,30142,79.6
"Coshocton County, OH",39031,29,36449,79.6
"Spokane County, WA",53063,420,528225,79.5
"Kerr County, TX",48265,42,52869,79.4
"Winchester city, VA",51840,22,27700,79.4
"Wayne County, WV",54099,31,39054,79.4
"Jim Wells County, TX",48249,32,40452,79.1
"Colquitt County, GA",13071,36,45542,79
"Franklin County, IL",17055,30,38060,78.8
"Woodford County, IL",17203,30,38091,78.8
"Lenawee County, MI",26091,77,97808,78.7
"Cabell County, WV",54011,72,91589,78.6
"Angelina County, TX",48005,68,86796,78.3
"Mecklenburg County, VA",51117,24,30679,78.2
"Nueces County, TX",48355,284,363148,78.2
"Lincoln County, TN",47103,27,34540,78.2
"Gregg County, TX",48183,97,124229,78.1
"St. Louis County, MN",27137,155,198538,78.1
"Codington County, SD",46029,22,28186,78.1
"Henry County, TN",47079,25,32056,78
"Gillespie County, TX",48171,21,26960,77.9
"Toombs County, GA",13279,21,26973,77.9
"Douglas County, WI",55031,34,43702,77.8
"Ottawa County, OK",40115,24,30879,77.7
"Elk County, PA",42047,23,29607,77.7
"Knox County, ME",23013,31,39951,77.6
"Butte County, CA",6007,165,212744,77.6
"Calhoun County, AL",1015,88,113469,77.6
"Dougherty County, GA",13095,67,86477,77.5
"Androscoggin County, ME",23001,84,108547,77.4
"Sequoyah County, OK",40135,32,41538,77
"Potter County, TX",48375,89,116004,76.7
"Yavapai County, AZ",4025,184,240226,76.6
"Cape May County, NJ",34009,70,91546,76.5
"Lawrence County, AL",1079,25,32857,76.1
"Pulaski County, AR",5119,299,392980,76.1
"Orange County, TX",48361,63,82878,76
"Lawrence County, MO",29109,29,38175,76
"Placer County, CA",6061,306,402950,75.9
"Huron County, OH",39077,44,57979,75.9
"Martin County, FL",12085,123,162088,75.9
"Twin Falls County, ID",16083,67,88411,75.8
"Troup County, GA",13285,53,70214,75.5
"Lafayette Parish, LA",22055,186,246518,75.5
"Surry County, NC",37171,54,71683,75.3
"Shiawassee County, MI",26155,51,67738,75.3
"Benton County, WA",53005,155,206426,75.1
"Waupaca County, WI",55135,38,50664,75
"Scott County, MS",28123,21,28061,74.8
"Lamar County, MS",28073,48,64165,74.8
"Henderson County, TN",47077,21,28076,74.8
"Saginaw County, MI",26145,142,189868,74.8
"Lincoln County, ME",23015,26,34775,74.8
"Moore County, NC",37125,77,103352,74.5
"Monroe County, MI",26115,112,150568,74.4
"Warrick County, IN",18173,47,63269,74.3
"Morgan County, AL",1103,89,119883,74.2
"Calhoun County, MI",26025,99,133580,74.1
"Jackson County, MI",26075,116,156920,73.9
"Marshall County, KY",21157,23,31163,73.8
"Montgomery County, NC",37123,20,27238,73.4
"Jefferson County, AR",5069,48,65377,73.4
"Jefferson County, WA",53031,24,32700,73.4
"Coffee County, AL",1031,39,53230,73.3
"Jackson County, MS",28059,105,143802,73
"Delta County, MI",26041,26,35612,73
"McLean County, IL",17113,125,171256,73
"Sarasota County, FL",12115,323,443465,72.8
"Columbia County, WI",55021,42,57668,72.8
"Washington County, OK",40147,38,52222,72.8
"Bowie County, TX",48037,68,93481,72.7
"Acadia Parish, LA",22001,45,61918,72.7
"Vanderburgh County, IN",18163,132,182447,72.3
"Des Moines County, IA",19057,28,38708,72.3
"Richmond County, NC",37153,32,44332,72.2
"Alexander County, NC",37003,27,37441,72.1
"Dallas County, AL",1047,26,36098,72
"Blount County, TN",47009,97,134751,72
"Stark County, ND",38089,23,32107,71.6
"Fulton County, OH",39051,30,41889,71.6
"Monroe County, GA",13207,20,28042,71.3
"DeKalb County, AL",1049,51,71658,71.2
"Nez Perce County, ID",16069,29,40755,71.2
"Barron County, WI",55005,32,45090,71
"James City County, VA",51095,55,77612,70.9
"Tuscarawas County, OH",39157,65,91776,70.8
"Marshall County, MS",28093,25,35301,70.8
"Jackson County, OH",39079,23,32493,70.8
"Tuscola County, MI",26157,37,52289,70.8
"Bennington County, VT",50003,25,35338,70.7
"Oconee County, GA",13219,29,41124,70.5
"Hawkins County, TN",47073,40,56775,70.5
"Marshall County, AL",1095,68,96990,70.1
"Cooke County, TX",48097,29,41393,70.1
"Wythe County, VA",51197,20,28620,69.9
"Charlotte County, FL",12015,136,194711,69.8
"Dodge County, WI",55027,61,87336,69.8
"Franklin County, AL",1059,22,31507,69.8
"Anderson County, TN",47001,54,77558,69.6
"Ottawa County, OH",39123,28,40253,69.6
"Lee County, GA",13177,21,30234,69.5
"Pickens County, GA",13227,23,33127,69.4
"Marion County, OH",39101,45,64820,69.4
"Lawrence County, PA",42073,59,85083,69.3
"Henderson County, TX",48213,58,83792,69.2
"Napa County, CA",6055,94,135965,69.1
"Taylor County, TX",48441,96,139200,69
"Douglas County, WA",53017,30,43560,68.9
"Clarendon County, SC",45027,23,33415,68.8
"Northumberland County, PA",42097,62,90258,68.7
"Shawano County, WI",55115,28,40786,68.7
"Halifax County, VA",51083,23,33633,68.4
"Benton County, MN",27009,28,40958,68.4
"Wilson County, NC",37195,56,81979,68.3
"Sheridan County, WY",56033,21,30863,68
"Gibson County, IN",18051,23,33825,68
"Orangeburg County, SC",45075,58,85343,68
"Stokes County, NC",37169,31,45743,67.8
"Polk County, GA",13233,29,42840,67.7
"Baldwin County, AL",1003,155,229287,67.6
"Oconee County, SC",45073,54,80015,67.5
"Garfield County, OK",40047,41,60869,67.4
"Macoupin County, IL",17117,30,44567,67.3
"Pueblo County, CO",8101,114,169823,67.1
"Whatcom County, WA",53073,155,231016,67.1
"Navarro County, TX",48349,34,50694,67.1
"Highland County, OH",39071,29,43304,67
"Chisago County, MN",27025,38,56794,66.9
"Lowndes County, MS",28087,39,58309,66.9
"Lea County, NM",35025,48,71830,66.8
"Wayne County, GA",13305,20,30023,66.6
"Darke County, OH",39037,34,51205,66.4
"Gordon County, GA",13129,39,58780,66.3
"Marion County, IA",19125,22,33168,66.3
"Morrison County, MN",27097,22,33187,66.3
"Baxter County, AR",5005,28,42242,66.3
"Summit County, OH",39153,357,538866,66.3
"Carter County, OK",40019,32,48353,66.2
"Sheboygan County, WI",55117,76,115240,65.9
"Floyd County, GA",13115,65,98604,65.9
"Beaufort County, NC",37013,31,47073,65.9
"El Dorado County, CA",6017,127,192925,65.8
"Clark County, KY",21049,24,36463,65.8
"Wapello County, IA",19179,23,34985,65.7
"Howard County, TX",48227,24,36540,65.7
"Anderson County, SC",45007,134,204353,65.6
"Houghton County, MI",26061,23,35126,65.5
"Mercer County, PA",42085,71,108545,65.4
"Clallam County, WA",53009,51,78067,65.3
"Pontotoc County, OK",40123,25,38397,65.1
"Campbell County, VA",51031,36,55304,65.1
"Livingston County, IL",17105,23,35414,64.9
"Jackson County, OR",41029,144,221844,64.9
"Sullivan County, TN",47163,103,158755,64.9
"Vernon County, WI",55123,20,30861,64.8
"Siskiyou County, CA",6093,28,43245,64.7
"Polk County, MN",27119,20,30900,64.7
"Wilkes County, NC",37193,44,68043,64.7
"Shelby County, IN",18145,29,44871,64.6
"Elmore County, AL",1051,53,82158,64.5
"Granville County, NC",37077,39,60486,64.5
"Jefferson County, IL",17081,24,37235,64.5
"Burnet County, TX",48053,32,49653,64.4
"East Baton Rouge Parish, LA",22033,283,439729,64.4
"Cass County, IN",18017,24,37388,64.2
"Shelby County, OH",39149,31,48337,64.1
"Gloucester County, VA",51073,24,37459,64.1
"Madison County, TN",47113,63,98360,64.1
"Wood County, WV",54107,53,82938,63.9
"Wayne County, IN",18177,42,65778,63.9
"Faulkner County, AR",5045,81,126919,63.8
"Transylvania County, NC",37175,22,34498,63.8
"Natchitoches Parish, LA",22069,24,37655,63.7
"Tehama County, CA",6103,41,64494,63.6
"Crawford County, PA",42039,53,83697,63.3
"Lucas County, OH",39095,271,428294,63.3
"Stanly County, NC",37167,40,63239,63.3
"Davidson County, NC",37057,107,169234,63.2
"McLennan County, TX",48309,164,259730,63.1
"Laurens County, GA",13175,30,47512,63.1
"Madison County, AL",1089,239,379453,63
"Emmet County, MI",26047,21,33342,63
"Ouachita Parish, LA",22073,96,152439,63
"Randall County, TX",48381,88,139899,62.9
"Williams County, OH",39171,23,36565,62.9
"Marshall County, IN",18099,29,46108,62.9
"Union County, AR",5139,24,38219,62.8
"Walker County, GA",13295,44,70116,62.8
"McMinn County, TN",47107,34,54208,62.7
"Matagorda County, TX",48321,23,36725,62.6
"St. Joseph County, IN",18141,170,271484,62.6
"Thurston County, WA",53067,184,294074,62.6
"Gilmer County, GA",13123,20,31978,62.5
"Clinton County, IA",19045,29,46392,62.5
"Warren County, OH",39165,149,238412,62.5
"Aiken County, SC",45003,108,172895,62.5
"Warren County, MS",28149,28,44841,62.4
"Columbia County, GA",13073,100,160377,62.4
"Armstrong County, PA",42005,40,64162,62.3
"St. Louis County, MO",29189,619,994020,62.3
"Mower County, MN",27099,25,40150,62.3
"Nevada County, CA",6057,62,99606,62.2
"Marinette County, WI",55075,25,40262,62.1
"Sussex County, DE",10005,150,241635,62.1
"Accomack County, VA",51001,20,32238,62
"Grand Forks County, ND",38035,43,69481,61.9
"Mercer County, WV",54055,36,58258,61.8
"Umatilla County, OR",41059,48,77752,61.7
"Madison County, IN",18095,80,129681,61.7
"Henry County, VA",51089,31,50309,61.6
"Strafford County, NH",33017,81,131533,61.6
"Walworth County, WI",55127,64,103953,61.6
"Mecosta County, MI",26107,27,43907,61.5
"Washington County, VA",51191,33,53695,61.5
"Ware County, GA",13299,22,35826,61.4
"Allegan County, MI",26005,73,118927,61.4
"Walton County, FL",12131,47,76648,61.3
"Maury County, TN",47119,61,99590,61.3
"Barry County, MI",26015,38,62061,61.2
"Midland County, MI",26111,51,83441,61.1
"Newport County, RI",44005,50,81836,61.1
"Pottawattamie County, IA",19155,57,93328,61.1
"Orange County, VA",51137,23,37695,61
"Highlands County, FL",12055,65,106639,61
"Knox County, OH",39083,38,62423,60.9
"Chilton County, AL",1021,27,44397,60.8
"Glynn County, GA",13127,52,85568,60.8
"Coffee County, TN",47031,35,57632,60.7
"Lubbock County, TX",48303,191,314772,60.7
"Cowley County, KS",20035,21,34628,60.6
"Laramie County, WY",56021,61,100595,60.6
"Cambria County, PA",42021,78,128672,60.6
"Whitman County, WA",53075,30,49500,60.6
"Fremont County, CO",8043,29,47867,60.6
"Genesee County, MI",26049,245,404794,60.5
"Dubuque County, IA",19061,59,97590,60.5
"Henry County, IN",18065,29,48033,60.4
"Florence County, SC",45041,83,137588,60.3
"Coffee County, GA",13069,26,43218,60.2
"Okmulgee County, OK",40111,23,38234,60.2
"Lincoln Parish, LA",22061,28,46552,60.1
"Gaston County, NC",37071,136,226568,60
"Ozaukee County, WI",55089,54,90043,60
"Morgan County, IL",17137,20,33400,59.9
"Richmond County, GA",13245,121,202079,59.9
"Montcalm County, MI",26117,38,63476,59.9
"Kankakee County, IL",17091,65,108594,59.9
"White County, AR",5145,47,78729,59.7
"Jefferson County, TN",47089,33,55307,59.7
"Mobile County, AL",1097,246,412716,59.6
"Floyd County, IN",18043,47,78936,59.5
"St. Clair County, AL",1115,54,90739,59.5
"Lee County, NC",37105,37,62353,59.3
"Manatee County, FL",12081,244,411219,59.3
"Warren County, VA",51187,24,40475,59.3
"Auglaize County, OH",39011,27,45680,59.1
"St. Charles County, MO",29183,240,406204,59.1
"Beaver County, PA",42007,96,162575,59
"Midland County, TX",48329,105,177863,59
"Johnson County, TX",48251,106,179575,59
"Grady County, OK",40051,33,55906,59
"Eaton County, MI",26045,65,110148,59
"Pottawatomie County, OK",40125,43,72998,58.9
"Sanilac County, MI",26151,24,40747,58.9
"Tazewell County, IL",17179,77,130777,58.9
"Latah County, ID",16057,24,40830,58.8
"Blount County, AL",1009,34,57879,58.7
"Clay County, MN",27027,38,64690,58.7
"Wayne County, PA",42127,30,51163,58.6
"Sacramento County, CA",6067,913,1559146,58.6
"Spartanburg County, SC",45083,191,326205,58.6
"Clearfield County, PA",42033,46,78612,58.5
"Watauga County, NC",37189,33,56441,58.5
"Columbus County, NC",37047,32,54754,58.4
"Olmsted County, MN",27109,93,159298,58.4
"Jefferson County, TX",48245,146,250127,58.4
"Rankin County, MS",28121,91,155975,58.3
"Kent County, MI",26081,384,658708,58.3
"Okaloosa County, FL",12091,124,212820,58.3
"Santa Barbara County, CA",6083,259,444766,58.2
"Hopkins County, KY",21107,26,44662,58.2
"Iredell County, NC",37097,108,185770,58.1
"Lamar County, TX",48277,29,49905,58.1
"Saline County, AR",5125,72,123968,58.1
"Grays Harbor County, WA",53027,44,75950,57.9
"Escambia County, AL",1053,21,36281,57.9
"York County, ME",23031,121,209066,57.9
"Fayette County, GA",13113,67,115821,57.8
"Albemarle County, VA",51003,64,110652,57.8
"Campbell County, TN",47013,23,39837,57.7
"Fayette County, TN",47047,24,41620,57.7
"Ogle County, IL",17141,29,50306,57.6
"Clark County, OH",39023,77,133593,57.6
"Roane County, TN",47145,31,53841,57.6
"Douglas County, OR",41019,64,111364,57.5
"Warren County, MO",29219,21,36594,57.4
"Hamilton County, TN",47065,213,371662,57.3
"Tallapoosa County, AL",1123,23,40133,57.3
"Clinton County, OH",39027,24,41921,57.3
"Harrison County, TX",48203,38,66386,57.2
"Newberry County, SC",45071,22,38445,57.2
"Chippewa County, WI",55017,37,64737,57.2
"Laurel County, KY",21125,35,61238,57.2
"Gratiot County, MI",26057,23,40283,57.1
"Stephenson County, IL",17177,25,43831,57
"Hillsdale County, MI",26059,26,45658,56.9
"Covington County, AL",1039,21,36930,56.9
"Ventura County, CA",6111,478,841387,56.8
"Talbot County, MD",24041,21,36972,56.8
"Sumner County, TN",47165,111,195561,56.8
"Putnam County, WV",54079,32,56428,56.7
"Chatham County, GA",13051,164,289463,56.7
"Ector County, TX",48135,95,167701,56.6
"Volusia County, FL",12127,318,561497,56.6
"Henderson County, NC",37089,67,118445,56.6
"Adams County, PA",42001,58,102742,56.5
"Thomas County, GA",13275,25,44372,56.3
"Pierce County, WI",55093,24,42700,56.2
"Nye County, NV",32023,27,48054,56.2
"Cheatham County, TN",47021,23,41101,56
"Trumbull County, OH",39155,110,196800,55.9
"Contra Costa County, CA",6013,643,1152333,55.8
"Tulare County, CA",6107,261,468680,55.7
"Howard County, IN",18067,46,82732,55.6
"Houston County, GA",13153,89,160110,55.6
"Lewis and Clark County, MT",30049,39,70229,55.5
"Columbiana County, OH",39029,56,101118,55.4
"Barnstable County, MA",25001,118,213164,55.4
"Randolph County, NC",37151,80,144557,55.3
"Clinton County, PA",42035,21,37957,55.3
"Warren County, TN",47177,23,41605,55.3
"Georgetown County, SC",45043,35,63353,55.2
"Gila County, AZ",4007,30,54303,55.2
"Montgomery County, AL",1101,124,224639,55.2
"Hall County, GA",13139,114,206591,55.2
"Dale County, AL",1045,27,48959,55.1
"Wood County, WI",55141,40,72560,55.1
"Carroll County, GA",13045,67,121633,55.1
"Knox County, IN",18083,20,36522,54.8
"Jefferson County, CO",8059,319,583283,54.7
"Seneca County, OH",39147,30,54938,54.6
"Franklin County, MO",29071,57,104469,54.6
"Laurens County, SC",45059,37,67883,54.5
"Starr County, TX",48427,35,64266,54.5
"Imperial County, CA",6025,98,180267,54.4
"Buchanan County, MO",29021,47,86530,54.3
"Tioga County, NY",36107,26,47904,54.3
"Greenville County, SC",45045,289,532486,54.3
"Washington County, WI",55131,74,136445,54.2
"Yolo County, CA",6113,119,219728,54.2
"Larimer County, CO",8069,195,360428,54.1
"Schenectady County, NY",36093,84,155358,54.1
"Hill County, TX",48217,20,37006,54
"Atlantic County, NJ",34001,142,262945,54
"Bryan County, GA",13029,22,40755,54
"Lenoir County, NC",37107,30,55720,53.8
"Ross County, OH",39141,41,76420,53.7
"Fresno County, CA",6019,536,1000918,53.6
"Washington County, UT",49053,99,184913,53.5
"Rockingham County, VA",51165,44,82346,53.4
"Franklin County, VA",51067,30,56167,53.4
"Sevier County, TN",47155,53,99244,53.4
"Spalding County, GA",13255,36,67414,53.4
"Colleton County, SC",45029,20,37481,53.4
"Marin County, CA",6041,137,257332,53.2
"Natrona County, WY",56025,43,80815,53.2
"Bradford County, PA",42015,32,60221,53.1
"Pickens County, SC",45077,68,127983,53.1
"Edgecombe County, NC",37065,27,50829,53.1
"Jefferson County, AL",1073,348,655342,53.1
"Stanislaus County, CA",6099,292,550081,53.1
"Escambia County, FL",12033,171,322364,53
"Madison County, KY",21151,50,94265,53
"Bartow County, GA",13015,58,109426,53
"La Porte County, IN",18091,58,109663,52.9
"Greene County, MO",29077,156,294997,52.9
"Wayne County, OH",39169,61,115694,52.7
"Waukesha County, WI",55133,214,406172,52.7
"Frederick County, VA",51069,48,91119,52.7
"Rowan County, NC",37159,75,142495,52.6
"Winnebago County, IL",17201,148,281295,52.6
"DeSoto County, MS",28033,99,188275,52.6
"Orange County, CA",6059,1665,3166857,52.6
"Wayne County, NC",37191,65,123967,52.4
"Macon County, IL",17115,54,103015,52.4
"Catawba County, NC",37035,84,160307,52.4
"Sonoma County, CA",6097,256,489819,52.3
"Clarion County, PA",42031,20,38305,52.2
"Hinds County, MS",28049,119,227966,52.2
"Beaufort County, SC",45013,102,195656,52.1
"Blair County, PA",42013,63,121007,52.1
"Yamhill County, OR",41071,56,107664,52
"Skagit County, WA",53057,68,130789,52
"Sutter County, CA",6101,50,96385,51.9
"Christian County, MO",29043,47,90655,51.8
"Hamilton County, OH",39061,424,817985,51.8
"Calaveras County, CA",6009,24,46308,51.8
"Pettis County, MO",29159,22,42490,51.8
"Bay County, MI",26017,53,102387,51.8
"Jefferson County, WI",55055,44,85038,51.7
"Kitsap County, WA",53035,141,272787,51.7
"Jefferson County, MO",29099,117,226543,51.6
"Harrison County, IN",18061,21,40682,51.6
"Coles County, IL",17029,26,50383,51.6
"Belmont County, OH",39013,34,65932,51.6
"Russell County, AL",1113,30,58237,51.5
"Catoosa County, GA",13047,35,67996,51.5
"Vance County, NC",37181,23,44718,51.4
"Maverick County, TX",48323,30,58378,51.4
"Tuolumne County, CA",6109,28,54515,51.4
"St. Croix County, WI",55109,47,91838,51.2
"Hunt County, TX",48231,51,99807,51.1
"Pennington County, SD",46103,59,115926,50.9
"Limestone County, AL",1083,52,102228,50.9
"Vermilion County, IL",17183,38,74855,50.8
"Providence County, RI",44007,323,636547,50.7
"Vigo County, IN",18167,54,106608,50.7
"Madison County, IL",17119,133,262635,50.6
"Clermont County, OH",39025,105,207449,50.6
"Ellis County, TX",48139,97,191760,50.6
"Rockdale County, GA",13247,46,90939,50.6
"Washington County, OH",39167,30,59652,50.3
"Clackamas County, OR",41005,212,421596,50.3
"Bossier Parish, LA",22015,64,127275,50.3
"Atascosa County, TX",48013,26,51724,50.3
"Rutland County, VT",50021,29,57764,50.2
"Los Angeles County, CA",6037,4991,9943046,50.2
"Saline County, KS",20169,27,53926,50.1
"Muskingum County, OH",39119,43,86020,50
"Wilson County, TX",48493,26,52023,50
"Mississippi County, AR",5093,20,40066,49.9
"Minnehaha County, SD",46099,98,196659,49.8
"Henrico County, VA",51087,166,333766,49.7
"Butler County, PA",42019,94,189135,49.7
"Ada County, ID",16001,245,494399,49.6
"Bannock County, ID",16005,44,88795,49.6
"Morgan County, IN",18109,35,70707,49.5
"Mesa County, CO",8077,77,155603,49.5
"Clatsop County, OR",41007,20,40423,49.5
"Kendall County, TX",48259,24,48523,49.5
"Eau Claire County, WI",55035,52,105260,49.4
"Clark County, WA",53011,245,496865,49.3
"Forsyth County, NC",37067,189,383843,49.2
"Cabarrus County, NC",37025,109,221479,49.2
"Loudon County, TN",47105,27,54910,49.2
"Box Elder County, UT",49003,28,57007,49.1
"Spotsylvania County, VA",51177,68,138449,49.1
"La Crosse County, WI",55063,58,118502,48.9
"Kershaw County, SC",45055,33,67472,48.9
"Sumter County, SC",45085,52,106360,48.9
"Marathon County, WI",55073,66,135593,48.7
"Wilson County, TN",47189,72,148130,48.6
"Erath County, TX",48143,21,43224,48.6
"Jackson County, GA",13157,37,76199,48.6
"Hendricks County, IN",18063,84,173251,48.5
"Beltrami County, MN",27007,23,47442,48.5
"McClain County, OK",40087,20,41348,48.4
"Lake County, OH",39085,111,229569,48.4
"Manitowoc County, WI",55071,38,78757,48.2
"Rockwall County, TX",48397,53,109888,48.2
"Oktibbeha County, MS",28105,24,49789,48.2
"Rockingham County, NC",37157,44,91285,48.2
"Flagler County, FL",12035,57,118451,48.1
"Sauk County, WI",55111,31,64449,48.1
"Medina County, OH",39103,87,180912,48.1
"Hardin County, TX",48199,28,58305,48
"Riverside County, CA",6065,1195,2489188,48
"Knox County, TN",47093,228,475609,47.9
"Comal County, TX",48091,79,164812,47.9
"Portage County, WI",55097,34,71032,47.9
"Peoria County, IL",17143,85,177652,47.8
"Greenwood County, SC",45047,34,71074,47.8
"Wise County, TX",48497,34,71084,47.8
"Shenandoah County, VA",51171,21,43905,47.8
"San Luis Obispo County, CA",6079,135,282249,47.8
"San Patricio County, TX",48409,32,67069,47.7
"St. Clair County, MI",26147,76,159293,47.7
"Josephine County, OR",41033,42,88053,47.7
"Kenton County, KY",21117,80,167949,47.6
"Roanoke County, VA",51161,45,94509,47.6
"Perry County, PA",42099,22,46212,47.6
"St. Mary Parish, LA",22101,23,48330,47.6
"Bristol County, RI",44001,23,48350,47.6
"Chatham County, NC",37037,36,75748,47.5
"Henry County, IL",17073,23,48411,47.5
"Cerro Gordo County, IA",19033,20,42103,47.5
"Dallas County, IA",19049,46,96963,47.4
"Macomb County, MI",26099,413,870791,47.4
"Indian River County, FL",12061,77,162518,47.4
"Pike County, KY",21195,27,57057,47.3
"Livingston County, MI",26093,91,192335,47.3
"Grant County, WA",53025,47,99377,47.3
"Wood County, OH",39173,62,131113,47.3
"Marquette County, MI",26103,31,65834,47.1
"Deschutes County, OR",41017,95,201769,47.1
"Horry County, SC",45051,172,365449,47.1
"Elkhart County, IN",18039,97,206161,47.1
"Henderson County, KY",21101,21,44740,46.9
"Cherokee County, OK",40021,23,49019,46.9
"Val Verde County, TX",48465,23,49028,46.9
"Lycoming County, PA",42081,53,113209,46.8
"Portage County, OH",39133,76,162583,46.7
"Cameron County, TX",48061,198,424180,46.7
"Guilford County, NC",37081,252,540521,46.6
"Honolulu County, HI",15003,449,963826,46.6
"Parker County, TX",48367,69,148198,46.6
"Cass County, MI",26027,24,51584,46.5
"Halifax County, NC",37083,23,49479,46.5
"Clinton County, MI",26037,37,79753,46.4
"Navajo County, AZ",4017,52,112112,46.4
"Harrison County, WV",54033,31,66870,46.4
"Solano County, CA",6095,207,446935,46.3
"St. Tammany Parish, LA",22103,122,263446,46.3
"Montgomery County, OH",39113,246,531610,46.3
"Madera County, CA",6039,73,157761,46.3
"Cumberland County, NJ",34011,68,147008,46.3
"Chittenden County, VT",50007,76,164306,46.3
"Union County, NC",37179,113,244562,46.2
"Jefferson County, OH",39081,30,64939,46.2
"Creek County, OK",40037,33,71485,46.2
"Lafourche Parish, LA",22057,45,97596,46.1
"Allen County, OH",39003,47,101980,46.1
"Chambers County, TX",48071,21,45590,46.1
"Chesterfield County, SC",45025,21,45606,46
"Pickaway County, OH",39129,27,58658,46
"St. Joseph County, MI",26149,28,60848,46
"Carteret County, NC",37031,32,69558,46
"San Diego County, CA",6073,1531,3332427,45.9
"Lackawanna County, PA",42069,96,208989,45.9
"Duplin County, NC",37061,27,58794,45.9
"Washington Parish, LA",22117,21,45773,45.9
"Medina County, TX",48325,24,52358,45.8
"Guadalupe County, TX",48187,78,170608,45.7
"Charleston County, SC",45019,191,417981,45.7
"Lowndes County, GA",13185,54,118268,45.7
"Oklahoma County, OK",40109,367,804041,45.6
"Dakota County, MN",27037,197,431807,45.6
"Caldwell County, TX",48055,20,43979,45.5
"Boone County, IL",17007,24,52777,45.5
"Cleveland County, NC",37045,45,99035,45.4
"Cache County, UT",49005,59,130004,45.4
"Stevens County, WA",53065,21,46360,45.3
"Fayette County, KY",21067,147,324735,45.3
"Pima County, AZ",4019,480,1061175,45.2
"Kent County, DE",10001,83,183643,45.2
"Ramsey County, MN",27123,247,547903,45.1
"Tuscaloosa County, AL",1125,95,210758,45.1
"Lancaster County, PA",42071,246,546192,45
"Harrison County, MS",28047,94,208801,45
"Sarpy County, NE",31153,85,188856,45
"Allen County, IN",18003,172,382187,45
"Alamance County, NC",37001,77,171346,44.9
"Kern County, CA",6029,405,901362,44.9
"Lincoln County, MO",29113,27,60119,44.9
"Tulsa County, OK",40143,295,657589,44.9
"Rutherford County, TN",47149,152,339261,44.8
"Kaufman County, TX",48257,64,143198,44.7
"Lonoke County, AR",5085,33,73921,44.6
"Wagoner County, OK",40145,37,82925,44.6
"Suwannee County, FL",12121,20,44851,44.6
"Washington County, VT",50023,26,58328,44.6
"Yuma County, AZ",4027,97,217824,44.5
"Newton County, MO",29145,26,58451,44.5
"Brazoria County, TX",48039,169,380518,44.4
"Athens County, OH",39009,29,65481,44.3
"Robertson County, TN",47147,32,72275,44.3
"Hall County, NE",31079,27,61028,44.2
"Johnson County, IN",18081,71,160607,44.2
"St. Clair County, IL",17163,114,258046,44.2
"Sampson County, NC",37163,28,63382,44.2
"Lynchburg city, VA",51680,36,81561,44.1
"Jones County, MS",28067,30,67993,44.1
"Le Flore County, OK",40079,22,49935,44.1
"Warren County, NY",36113,28,63756,43.9
"Porter County, IN",18127,75,170980,43.9
"Ward County, ND",38101,30,68466,43.8
"Venango County, PA",42121,22,50328,43.7
"Yuba County, CA",6115,35,80160,43.7
"Windsor County, VT",50027,24,54988,43.6
"Tipton County, TN",47167,27,61918,43.6
"Jasper County, MO",29097,53,121648,43.6
"Lexington County, SC",45063,132,303946,43.4
"Bulloch County, GA",13031,35,80839,43.3
"San Mateo County, CA",6081,328,758308,43.3
"Shawnee County, KS",20177,76,175999,43.2
"Cuyahoga County, OH",39035,530,1227883,43.2
"Augusta County, VA",51015,33,76544,43.1
"Henry County, GA",13151,103,239139,43.1
"El Paso County, TX",48141,362,841286,43
"New Castle County, DE",10003,241,561531,42.9
"Autauga County, AL",1001,24,56145,42.7
"Linn County, OR",41043,56,131054,42.7
"Kittitas County, WA",53037,21,49204,42.7
"Lancaster County, SC",45057,43,100926,42.6
"Washington County, MN",27163,113,265476,42.6
"Yakima County, WA",53077,107,251879,42.5
"Williamson County, TN",47187,104,245348,42.4
"Lebanon County, PA",42075,60,141663,42.4
"Westmoreland County, PA",42129,147,347087,42.4
"Arapahoe County, CO",8005,278,657452,42.3
"Butler County, OH",39017,163,385648,42.3
"Dorchester County, SC",45035,70,165737,42.2
"Klamath County, OR",41035,29,68739,42.2
"Burke County, NC",37023,38,90418,42
"Maricopa County, AZ",4013,1922,4579081,42
"Fairfield County, OH",39045,67,159709,42
"Ingham County, MI",26065,121,290609,41.6
"Lehigh County, PA",42077,154,370802,41.5
"Bastrop County, TX",48021,38,91601,41.5
"Washtenaw County, MI",26161,152,366473,41.5
"Whitfield County, GA",13313,43,103837,41.4
"Bedford County, VA",51019,33,79811,41.3
"Haywood County, NC",37087,26,62972,41.3
"Douglas County, NE",31055,237,574332,41.3
"Muscogee County, GA",13215,81,196442,41.2
"Schuylkill County, PA",42107,58,140709,41.2
"Northampton County, PA",42095,126,305892,41.2
"Morris County, NJ",34027,202,491087,41.1
"Rock County, WI",55105,67,163084,41.1
"Scott County, IA",19163,71,173216,41
"Chesterfield County, VA",51041,146,358245,40.8
,,134242,329474777,40.7
"Cherokee County, GA",13057,108,265274,40.7
"Island County, WA",53029,35,86014,40.7
"Carroll County, NH",33003,20,49167,40.7
"Darlington County, SC",45031,27,66509,40.6
"Miami-Dade County, FL",12086,1098,2707303,40.6
"Dickson County, TN",47043,22,54376,40.5
"Coweta County, GA",13077,61,150849,40.4
"Pope County, AR",5115,26,64334,40.4
"Missoula County, MT",30063,49,121630,40.3
"Galveston County, TX",48167,139,345089,40.3
"Walton County, GA",13297,39,96875,40.3
"Warren County, IA",19181,21,52265,40.2
"Stearns County, MN",27145,65,162038,40.1
"Kent County, RI",44003,66,164646,40.1
"Salem County, NJ",34033,25,62451,40
"Van Zandt County, TX",48467,23,57533,40
"King County, WA",53033,908,2274315,39.9
"Gloucester County, NJ",34015,117,293245,39.9
"Allegheny County, PA",42003,483,1211358,39.9
"Camden County, NJ",34007,202,506809,39.9
"Fond du Lac County, WI",55039,41,102902,39.8
"Delaware County, OH",39041,85,213554,39.8
"Anderson County, TX",48001,23,57805,39.8
"Camden County, GA",13039,22,55388,39.7
"Craven County, NC",37049,40,101233,39.5
"Davidson County, TN",47037,274,694176,39.5
"Sandusky County, OH",39143,23,58351,39.4
"Clark County, IN",18019,47,119266,39.4
"Eddy County, NM",35015,23,58418,39.4
"Hidalgo County, TX",48215,344,875200,39.3
"Washington County, PA",42125,81,206803,39.2
"Washington County, OR",41067,236,603514,39.1
"Bartholomew County, IN",18005,33,84447,39.1
"Bexar County, TX",48029,792,2026823,39.1
"Rock Island County, IL",17161,55,140907,39
"Middlesex County, CT",9007,63,161657,39
"Portsmouth city, VA",51740,37,95094,38.9
"York County, PA",42133,175,450448,38.9
"Rutherford County, NC",37161,26,67076,38.8
"York County, SC",45091,112,289105,38.7
"Ionia County, MI",26067,25,64553,38.7
"San Joaquin County, CA",6077,297,767967,38.7
"Alameda County, CA",6001,642,1662323,38.6
"Cass County, ND",38017,71,183904,38.6
"Columbia County, PA",42037,25,64842,38.6
"San Bernardino County, CA",6071,844,2189183,38.6
"Winnebago County, WI",55139,66,171631,38.5
"Whiteside County, IL",17195,21,54656,38.4
"Tarrant County, TX",48439,813,2123347,38.3
"Sandoval County, NM",35043,57,148904,38.3
"Brunswick County, NC",37019,57,149039,38.2
"Cumberland County, ME",23005,114,298111,38.2
"Kennebec County, ME",23011,47,122955,38.2
"Lee County, FL",12071,301,790767,38.1
"Broome County, NY",36007,72,189420,38
"Nash County, NC",37127,36,94859,38
"Washington County, NY",36115,23,60606,38
"Warren County, KY",21227,51,134510,37.9
"Coryell County, TX",48099,29,76737,37.8
"St. Charles Parish, LA",22089,20,52987,37.7
"Cowlitz County, WA",53015,42,111371,37.7
"Bernalillo County, NM",35001,257,681666,37.7
"Erie County, PA",42049,101,268426,37.6
"Licking County, OH",39089,67,178100,37.6
"Wichita County, TX",48485,50,133205,37.5
"Santa Fe County, NM",35049,57,151946,37.5
"Shelby County, TN",47157,351,936017,37.5
"Cumberland County, NC",37051,126,336364,37.5
"Lincoln County, NC",37109,33,88097,37.5
"DeKalb County, IL",17037,39,104491,37.3
"Davis County, UT",49011,134,359232,37.3
"Berrien County, MI",26021,57,153025,37.2
"Williamson County, TX",48491,230,617855,37.2
"Hancock County, OH",39063,28,75407,37.1
"La Plata County, CO",8067,21,56564,37.1
"Newton County, GA",13217,42,113295,37.1
"Nacogdoches County, TX",48347,24,64753,37.1
"Adams County, IL",17001,24,64783,37
"Hennepin County, MN",27053,469,1268408,37
"Maui County, HI",15009,62,167902,36.9
"Dallas County, TX",48113,972,2635888,36.9
"Livingston County, NY",36051,23,62398,36.9
"Rusk County, TX",48401,20,54324,36.8
"Buncombe County, NC",37021,97,263477,36.8
"Bell County, TX",48027,136,369927,36.8
"Bibb County, GA",13021,56,152737,36.7
"Blue Earth County, MN",27013,25,68241,36.6
"Dona Ana County, NM",35013,81,221262,36.6
"Weber County, UT",49057,96,262658,36.5
"Lorain County, OH",39093,114,312172,36.5
"Rogers County, OK",40131,34,93155,36.5
"Effingham County, GA",13103,24,65765,36.5
"Snohomish County, WA",53061,303,830393,36.5
"St. Lucie County, FL",12111,123,337186,36.5
"Sherburne County, MN",27141,36,98811,36.4
"Grand Traverse County, MI",26055,34,93592,36.3
"Luzerne County, PA",42079,115,316982,36.3
"Cochise County, AZ",4003,46,127450,36.1
"Jefferson Parish, LA",22051,156,432346,36.1
"Smith County, TX",48423,85,235806,36
"Sumter County, FL",12119,50,139018,36
"Santa Rosa County, FL",12113,68,189139,36
"El Paso County, CO",8041,261,728310,35.8
"Otsego County, NY",36077,21,58701,35.8
"Sussex County, NJ",34037,50,140002,35.7
"Rockingham County, NH",33015,111,311307,35.7
"Craighead County, AR",5031,40,112245,35.6
"Saratoga County, NY",36091,82,230298,35.6
"Madison County, NY",36053,25,70478,35.5
"Canyon County, ID",16027,84,237053,35.4
"DuPage County, IL",17043,325,917481,35.4
"Benton County, OR",41003,33,93239,35.4
"Franklin County, PA",42055,55,155637,35.3
"Ocean County, NJ",34029,217,614237,35.3
"Berkshire County, MA",25003,44,124571,35.3
"Centre County, PA",42027,57,161496,35.3
"Paulding County, GA",13223,61,173359,35.2
"Mason County, WA",53045,24,68224,35.2
"Denton County, TX",48121,323,919324,35.1
"Hanover County, VA",51085,38,108262,35.1
"Washington County, AR",5143,85,243216,34.9
"Lincoln County, SD",46083,22,63019,34.9
"Woodbury County, IA",19193,36,103138,34.9
"Steuben County, NY",36101,33,94657,34.9
"Franklin County, NC",37069,25,71859,34.8
"Pinal County, AZ",4021,167,480828,34.7
"Merrimack County, NH",33013,53,152622,34.7
"Comanche County, OK",40031,42,121099,34.7
"Boone County, IN",18011,24,69347,34.6
"Polk County, IA",19153,170,494281,34.4
"Brown County, WI",55009,91,264610,34.4
"Delaware County, IN",18035,39,113454,34.4
"New London County, CT",9011,91,264999,34.3
"Lyon County, NV",32019,20,58319,34.3
"Rice County, MN",27131,23,67084,34.3
"Polk County, OR",41053,30,87744,34.2
"Cheshire County, NH",33005,26,76228,34.1
"Reno County, KS",20155,21,61793,34
"Hampton city, VA",51650,46,135464,34
"Boulder County, CO",8013,111,327171,33.9
"Mecklenburg County, NC",37119,383,1128945,33.9
"Johnson County, KS",20091,206,607220,33.9
"Wayne County, MI",26163,590,1740623,33.9
"Shelby County, AL",1117,75,221428,33.9
"Brevard County, FL",12009,206,608459,33.9
"Douglas County, GA",13097,50,147988,33.8
"Johnston County, NC",37101,73,216246,33.8
"Grant County, IN",18053,22,65225,33.7
"Berks County, PA",42011,142,421017,33.7
"Monongalia County, WV",54061,36,106819,33.7
"Ontario County, NY",36069,37,110091,33.6
"Bristol County, MA",25005,190,566765,33.5
"Champaign County, IL",17019,70,209192,33.5
"Multnomah County, OR",41051,272,815637,33.3
"Pierce County, WA",53053,304,913890,33.3
"Oakland County, MI",26125,416,1253459,33.2
"Lake County, IL",17097,230,693593,33.2
"Berkeley County, SC",45015,78,235987,33.1
"Lake County, IN",18089,161,487536,33
"Washington County, TN",47179,43,130367,33
"Penobscot County, ME",23019,50,151655,33
"Kosciusko County, IN",18085,26,78988,32.9
"Monroe County, PA",42089,56,170154,32.9
"Clarke County, GA",13059,42,127795,32.9
"Outagamie County, WI",55087,62,188766,32.8
"Clay County, MO",29047,83,253463,32.7
"Collin County, TX",48085,351,1072069,32.7
"Douglas County, CO",8035,118,360750,32.7
"Richland County, SC",45079,137,419051,32.7
"Racine County, WI",55101,64,195802,32.7
"Plymouth County, MA",25023,171,523738,32.6
"Cobb County, GA",13067,249,762944,32.6
"Weld County, CO",8123,109,333983,32.6
"Milwaukee County, WI",55079,308,945016,32.6
"New Haven County, CT",9009,277,851948,32.5
"Greene County, OH",39057,55,170122,32.3
"Indiana County, PA",42063,27,83664,32.3
"Monterey County, CA",6053,139,430906,32.3
"Montgomery County, TX",48339,202,626351,32.3
"Tooele County, UT",49045,24,74512,32.2
"Hernando County, FL",12053,64,198792,32.2
"Clark County, NV",32003,744,2315963,32.1
"New Hanover County, NC",37129,76,236613,32.1
"Wright County, MN",27171,45,140249,32.1
"Chesapeake city, VA",51550,79,247011,32
"Cascade County, MT",30013,26,81346,32
"Lapeer County, MI",26087,28,87635,32
"Hartford County, CT",9003,284,889226,31.9
"San Francisco County, CA",6075,276,866606,31.8
"Pinellas County, FL",12103,311,976802,31.8
"Douglas County, KS",20045,39,122530,31.8
"Payne County, OK",40119,26,81755,31.8
"Litchfield County, CT",9005,57,179610,31.7
"Bucks County, PA",42017,199,627987,31.7
"Hamilton County, IN",18057,109,344238,31.7
"Rensselaer County, NY",36083,50,158108,31.6
"Linn County, IA",19113,72,227854,31.6
"Somerset County, NJ",34035,104,329331,31.6
"Barrow County, GA",13013,27,85588,31.5
"Raleigh County, WV",54081,23,72920,31.5
"Black Hawk County, IA",19013,41,130786,31.3
"Webb County, TX",48479,87,277681,31.3
"Salt Lake County, UT",49035,364,1165517,31.2
"Oneida County, NY",36065,71,227346,31.2
"Will County, IL",17197,215,688726,31.2
"Carbon County, PA",42025,20,64081,31.2
"Lake County, FL",12069,117,375492,31.2
"Marion County, IN",18097,301,966183,31.2
"Santa Clara County, CA",6085,593,1907105,31.1
"Geauga County, OH",39055,29,93271,31.1
"Hillsborough County, NH",33011,130,418735,31
"Monroe County, IN",18105,46,148219,31
"Washington County, RI",44009,39,125746,31
"Cleveland County, OK",40027,89,287066,31
"Platte County, MO",29165,33,106532,31
"Pender County, NC",37141,20,64671,30.9
"Fauquier County, VA",51061,22,71361,30.8
"Kalamazoo County, MI",26077,82,265988,30.8
"Citrus County, FL",12017,47,153010,30.7
"Miami County, OH",39109,33,107516,30.7
"Harnett County, NC",37085,42,137058,30.6
"Livingston Parish, LA",22063,44,143737,30.6
"Norfolk County, MA",25021,217,709409,30.6
"Passaic County, NJ",34031,153,500382,30.6
"Sangamon County, IL",17167,59,193882,30.4
"York County, VA",51199,21,69199,30.3
"Ascension Parish, LA",22005,39,128665,30.3
"Dane County, WI",55025,167,552536,30.2
"Hancock County, IN",18059,24,79553,30.2
"Newport News city, VA",51700,54,179062,30.2
"Virginia Beach city, VA",51810,136,451231,30.1
"Gwinnett County, GA",13135,284,942627,30.1
"Hillsborough County, FL",12057,451,1497957,30.1
"Calvert County, MD",24009,28,93072,30.1
"Boone County, MO",29019,55,182991,30.1
"Cecil County, MD",24015,31,103419,30
"Monmouth County, NJ",34025,185,618381,29.9
"Grafton County, NH",33009,27,90691,29.8
"Jefferson County, KY",21111,228,767452,29.7
"Monroe County, NY",36055,219,740900,29.6
"Boone County, KY",21015,40,135396,29.5
"Franklin County, OH",39049,391,1324624,29.5
"Bergen County, NJ",34003,274,930394,29.4
"McHenry County, IL",17111,90,305888,29.4
"Fulton County, GA",13121,315,1077402,29.2
"St. Louis city, MO",29510,87,297645,29.2
"Essex County, MA",25009,231,791263,29.2
"Leavenworth County, KS",20103,24,82246,29.2
"Windham County, CT",9015,34,116540,29.2
"Broomfield County, CO",8014,21,72236,29.1
"Chemung County, NY",36015,24,82622,29
"Matanuska-Susitna Borough, AK",2170,32,110213,29
"Ashtabula County, OH",39007,28,96513,29
"Collier County, FL",12021,114,392973,29
"Cayuga County, NY",36011,22,76029,28.9
"Santa Cruz County, CA",6087,78,269925,28.9
"DeKalb County, GA",13089,220,762009,28.9
"Franklin County, WA",53021,28,97075,28.8
"Cook County, IL",17031,1472,5108284,28.8
"Alachua County, FL",12001,78,271218,28.8
"Pasco County, FL",12101,164,570412,28.8
"Suffolk city, VA",51800,27,93913,28.8
"Stafford County, VA",51179,45,156748,28.7
"Clayton County, GA",13063,84,292646,28.7
"Seminole County, FL",12117,136,474171,28.7
"Onondaga County, NY",36067,131,459214,28.5
"Tangipahoa Parish, LA",22105,39,136765,28.5
"Pitt County, NC",37147,52,182924,28.4
"Liberty County, TX",48291,26,91547,28.4
"Flathead County, MT",30029,30,105851,28.3
"Roanoke city, VA",51770,28,99058,28.3
"Dauphin County, PA",42043,79,279874,28.2
"Terrebonne Parish, LA",22109,31,109859,28.2
"Anoka County, MN",27003,101,359921,28.1
"Fairfield County, CT",9001,264,942426,28
"Van Buren County, MI",26159,21,75474,27.8
"Durham County, NC",37063,91,327306,27.8
"Benton County, AR",5007,80,288774,27.7
"Montgomery County, PA",42091,231,833869,27.7
"Albany County, NY",36001,84,303654,27.7
"Ulster County, NY",36111,49,177716,27.6
"Forsyth County, GA",13117,69,250847,27.5
"Orleans Parish, LA",22071,107,389476,27.5
"Cass County, MO",29037,29,106806,27.2
"Denver County, CO",8031,197,735538,26.8
"Fayette County, PA",42051,34,128126,26.5
"Wake County, NC",37183,300,1132271,26.5
"Orange County, NY",36071,102,385234,26.5
"Sullivan County, NY",36105,20,75802,26.4
"Yellowstone County, MT",30111,43,162990,26.4
"Lee County, AL",1081,44,166831,26.4
"Talladega County, AL",1121,21,79985,26.3
"Montgomery County, TN",47125,56,214251,26.1
"Marion County, OR",41047,91,349204,26.1
"Wyandotte County, KS",20209,43,165265,26
"Utah County, UT",49049,169,651059,26
"Jackson County, MO",29095,183,705925,25.9
"Jefferson County, NY",36045,28,108095,25.9
"Orange County, NC",37135,38,149077,25.5
"Carroll County, MD",24013,43,169092,25.4
"Merced County, CA",6047,71,279252,25.4
"Bonneville County, ID",16019,31,122134,25.4
"Erie County, NY",36029,232,917241,25.3
"Lancaster County, NE",31109,81,320650,25.3
"Polk County, FL",12105,188,744552,25.3
"Victoria County, TX",48469,23,91936,25
"Worcester County, MA",25027,207,829212,25
"Burlington County, NJ",34005,111,446596,24.9
"Norfolk city, VA",51710,60,242803,24.7
"Campbell County, KY",21037,23,94020,24.5
"Hays County, TX",48209,59,241365,24.4
"Harris County, TX",48201,1158,4738253,24.4
"Story County, IA",19169,24,98237,24.4
"Anchorage Borough, AK",2020,70,287095,24.4
"Adams County, CO",8001,126,519883,24.2
"Cumberland County, PA",42041,62,255857,24.2
"Canadian County, OK",40017,37,153192,24.2
"Tippecanoe County, IN",18157,47,196115,24
"Union County, NJ",34039,133,555394,23.9
"Fort Bend County, TX",48157,201,839706,23.9
"Berkeley County, WV",54003,29,122125,23.7
"Baltimore County, MD",24005,196,826017,23.7
"Mercer County, NJ",34021,87,367239,23.7
"Scott County, MN",27139,35,150689,23.2
"Hawaii County, HI",15001,47,203340,23.1
"Kenosha County, WI",55059,39,169671,23
"Middlesex County, NJ",34023,189,822736,23
"Kings County, CA",6031,35,152692,22.9
"Essex County, NJ",34013,179,800501,22.4
"Dutchess County, NY",36027,65,293293,22.2
"Palm Beach County, FL",12099,332,1507600,22
"Nassau County, NY",36059,295,1351334,21.8
"Travis County, TX",48453,278,1300503,21.4
"Anne Arundel County, MD",24003,124,582777,21.3
"Orange County, FL",12095,298,1404396,21.2
"Chester County, PA",42029,111,526759,21.1
"Leon County, FL",12073,62,295460,21
"Daviess County, KY",21059,21,101978,20.6
"Gallatin County, MT",30031,24,116806,20.5
"Westchester County, NY",36119,197,965802,20.4
"Richmond city, VA",51760,47,232226,20.2
"Hudson County, NJ",34017,135,671666,20.1
"Middlesex County, MA",25017,323,1609379,20.1
"Philadelphia County, PA",42101,315,1578487,20
"Kootenai County, ID",16055,34,170628,19.9
"Harford County, MD",24025,51,256805,19.9
"Chautauqua County, NY",36013,25,126032,19.8
"Sedgwick County, KS",20173,102,519907,19.6
"San Juan County, NM",35045,24,123312,19.5
"St. Johns County, FL",12109,54,278715,19.4
"New York County, NY",36061,312,1611989,19.4
"Wicomico County, MD",24045,20,103990,19.2
"Niagara County, NY",36063,40,208396,19.2
"Hampden County, MA",25013,89,463986,19.2
"Washoe County, NV",32031,91,477082,19.1
"Delaware County, PA",42045,108,566753,19.1
"Kane County, IL",17089,101,531010,19
"Coconino County, AZ",4005,27,142481,18.9
"Osceola County, FL",12097,73,385315,18.9
"Warren County, NJ",34041,20,105624,18.9
"Brazos County, TX",48041,44,232555,18.9
"Washington County, MD",24043,28,151146,18.5
"Rockland County, NY",36087,60,326225,18.4
"Suffolk County, NY",36103,266,1474273,18
"Onslow County, NC",37133,36,203943,17.7
"Kendall County, IL",17093,23,130638,17.6
"Prince George's County, MD",24033,159,909612,17.5
"Calcasieu Parish, LA",22019,34,203310,16.7
"Broward County, FL",12011,323,1958105,16.5
"Bronx County, NY",36005,231,1401142,16.5
"Prince William County, VA",51153,78,475533,16.4
"Clay County, FL",12019,36,221770,16.2
"Howard County, MD",24027,53,328200,16.1
"Suffolk County, MA",25025,128,801582,16
"Frederick County, MD",24021,41,265161,15.5
"Montgomery County, MD",24031,162,1051816,15.4
"Fairfax County, VA",51059,162,1150847,14.1
"Richmond County, NY",36085,65,475327,13.7
"Baltimore city, MD",24510,79,586131,13.5
"Loudoun County, VA",51107,55,422784,13
"Queens County, NY",36081,284,2225821,12.8
"Alexandria city, VA",51510,20,158726,12.6
"Arlington County, VA",51013,30,240119,12.5
"District of Columbia, DC",11001,88,712816,12.3
"Duval County, FL",12031,112,966728,11.6
"Kings County, NY",36047,269,2538934,10.6
"Bibb County, AL",1007,12,22136,Unreliable
"Butler County, AL",1013,13,19504,Unreliable
"Cherokee County, AL",1019,17,26294,Unreliable
"Crenshaw County, AL",1041,16,13681,Unreliable
"Fayette County, AL",1057,13,16241,Unreliable
"Henry County, AL",1067,18,17223,Unreliable
"Marion County, AL",1093,12,29703,Unreliable
"Monroe County, AL",1099,12,20459,Unreliable
"Pickens County, AL",1107,11,19793,Unreliable
"Randolph County, AL",1111,11,22920,Unreliable
"Sumter County, AL",1119,13,12225,Unreliable
"Washington County, AL",1129,10,15976,Unreliable
"Wilcox County, AL",1131,11,10206,Unreliable
"Winston County, AL",1133,19,23508,Unreliable
"Fairbanks North Star Borough, AK",2090,11,95651,Unreliable
"Kenai Peninsula Borough, AK",2122,16,59414,Unreliable
"Graham County, AZ",4009,19,39211,Unreliable
"La Paz County, AZ",4012,11,21480,Unreliable
"Santa Cruz County, AZ",4023,14,46808,Unreliable
"Arkansas County, AR",5001,18,17383,Unreliable
"Boone County, AR",5009,13,37625,Unreliable
"Carroll County, AR",5015,14,28276,Unreliable
"Clark County, AR",5019,10,22103,Unreliable
"Columbia County, AR",5027,14,23331,Unreliable
"Conway County, AR",5029,16,21037,Unreliable
"Crittenden County, AR",5035,11,47616,Unreliable
"Cross County, AR",5037,16,16142,Unreliable
"Drew County, AR",5043,14,17977,Unreliable
"Franklin County, AR",5047,18,17897,Unreliable
"Greene County, AR",5055,15,45597,Unreliable
"Hempstead County, AR",5057,11,21253,Unreliable
"Hot Spring County, AR",5059,16,33787,Unreliable
"Howard County, AR",5061,12,13109,Unreliable
"Izard County, AR",5065,12,13613,Unreliable
"Johnson County, AR",5071,15,26513,Unreliable
"Lincoln County, AR",5079,14,12944,Unreliable
"Little River County, AR",5081,11,12180,Unreliable
"Madison County, AR",5087,13,16644,Unreliable
"Miller County, AR",5091,18,43177,Unreliable
"Ouachita County, AR",5103,15,23167,Unreliable
"Phillips County, AR",5107,10,17299,Unreliable
"Pike County, AR",5109,10,10643,Unreliable
"Poinsett County, AR",5111,11,23283,Unreliable
"Polk County, AR",5113,10,19707,Unreliable
"Scott County, AR",5127,11,10164,Unreliable
"Sharp County, AR",5135,11,17424,Unreliable
"Stone County, AR",5137,15,12674,Unreliable
"Van Buren County, AR",5141,12,16541,Unreliable
"Glenn County, CA",6021,10,28283,Unreliable
"Humboldt County, CA",6023,18,134977,Unreliable
"Lake County, CA",6033,13,64479,Unreliable
"Mendocino County, CA",6045,18,86061,Unreliable
"San Benito County, CA",6069,14,64055,Unreliable
"Delta County, CO",8029,16,31067,Unreliable
"Garfield County, CO",8045,16,60366,Unreliable
"Huerfano County, CO",8055,11,6883,Unreliable
"Logan County, CO",8075,11,21974,Unreliable
"Montrose County, CO",8085,16,43322,Unreliable
"Morgan County, CO",8087,16,28941,Unreliable
"Tolland County, CT",9013,14,150600,Unreliable
"Calhoun County, FL",12013,11,14078,Unreliable
"Columbia County, FL",12023,12,72654,Unreliable
"Gadsden County, FL",12039,10,45277,Unreliable
"Hendry County, FL",12051,11,42813,Unreliable
"Holmes County, FL",12059,14,19594,Unreliable
"Levy County, FL",12075,13,42214,Unreliable
"Monroe County, FL",12087,14,73900,Unreliable
"Nassau County, FL",12089,16,91113,Unreliable
"Putnam County, FL",12107,18,74815,Unreliable
"Wakulla County, FL",12129,13,34319,Unreliable
"Washington County, FL",12133,12,25932,Unreliable
"Appling County, GA",13001,15,18325,Unreliable
"Baldwin County, GA",13009,17,45099,Unreliable
"Banks County, GA",13011,12,19352,Unreliable
"Ben Hill County, GA",13017,13,16614,Unreliable
"Berrien County, GA",13019,13,19408,Unreliable
"Burke County, GA",13033,18,22648,Unreliable
"Candler County, GA",13043,10,10985,Unreliable
"Cook County, GA",13075,18,17291,Unreliable
"Dawson County, GA",13085,15,27113,Unreliable
"Decatur County, GA",13087,11,26457,Unreliable
"Dodge County, GA",13091,11,20452,Unreliable
"Elbert County, GA",13105,14,19335,Unreliable
"Grady County, GA",13131,10,24491,Unreliable
"Greene County, GA",13133,10,18837,Unreliable
"Haralson County, GA",13143,15,30383,Unreliable
"Harris County, GA",13145,17,36080,Unreliable
"Hart County, GA",13147,18,26406,Unreliable
"Jeff Davis County, GA",13161,11,15213,Unreliable
"Jefferson County, GA",13163,19,15267,Unreliable
"Lamar County, GA",13171,10,19261,Unreliable
"Liberty County, GA",13179,12,63004,Unreliable
"Lumpkin County, GA",13187,14,34186,Unreliable
"McDuffie County, GA",13189,18,21162,Unreliable
"Madison County, GA",13195,11,30457,Unreliable
"Mitchell County, GA",13205,18,21602,Unreliable
"Morgan County, GA",13211,13,19636,Unreliable
"Murray County, GA",13213,13,40032,Unreliable
"Peach County, GA",13225,16,27950,Unreliable
"Putnam County, GA",13237,11,22520,Unreliable
"Rabun County, GA",13241,12,17273,Unreliable
"Sumter County, GA",13261,11,29282,Unreliable
"Tattnall County, GA",13267,13,25365,Unreliable
"Telfair County, GA",13271,15,15781,Unreliable
"Towns County, GA",13281,15,12247,Unreliable
"Turner County, GA",13287,13,7882,Unreliable
"Upson County, GA",13293,19,26527,Unreliable
"Washington County, GA",13303,15,20150,Unreliable
"White County, GA",13311,17,31094,Unreliable
"Kauai County, HI",15007,14,71851,Unreliable
"Bingham County, ID",16011,18,47202,Unreliable
"Bonner County, ID",16017,15,46817,Unreliable
"Cassia County, ID",16031,14,24277,Unreliable
"Elmore County, ID",16039,15,27448,Unreliable
"Gem County, ID",16045,11,18703,Unreliable
"Gooding County, ID",16047,10,15618,Unreliable
"Jerome County, ID",16053,11,24578,Unreliable
"Madison County, ID",16065,14,40318,Unreliable
"Payette County, ID",16075,15,24771,Unreliable
"Bureau County, IL",17011,15,32303,Unreliable
"Clinton County, IL",17027,14,37398,Unreliable
"De Witt County, IL",17039,18,15368,Unreliable
"Douglas County, IL",17041,13,19510,Unreliable
"Ford County, IL",17053,10,12949,Unreliable
"Greene County, IL",17061,11,12702,Unreliable
"Grundy County, IL",17063,17,50993,Unreliable
"Jackson County, IL",17077,16,56675,Unreliable
"Jo Daviess County, IL",17085,14,21239,Unreliable
"Lawrence County, IL",17101,13,15467,Unreliable
"Lee County, IL",17103,11,33647,Unreliable
"McDonough County, IL",17109,12,29295,Unreliable
"Mason County, IL",17125,10,13173,Unreliable
"Massac County, IL",17127,19,13636,Unreliable
"Mercer County, IL",17131,10,15225,Unreliable
"Monroe County, IL",17133,10,34739,Unreliable
"Montgomery County, IL",17135,19,28045,Unreliable
"Perry County, IL",17145,15,20664,Unreliable
"Randolph County, IL",17157,12,31351,Unreliable
"Saline County, IL",17165,12,23182,Unreliable
"Union County, IL",17181,10,16498,Unreliable
"Williamson County, IL",17199,17,66415,Unreliable
"Adams County, IN",18001,12,35839,Unreliable
"Clay County, IN",18021,13,26246,Unreliable
"Clinton County, IN",18023,12,32206,Unreliable
"Daviess County, IN",18027,15,33505,Unreliable
"Dearborn County, IN",18029,17,49824,Unreliable
"De Kalb County, IN",18033,17,43670,Unreliable
"Greene County, IN",18055,11,32203,Unreliable
"Huntington County, IN",18069,17,36395,Unreliable
"Jay County, IN",18075,10,20416,Unreliable
"Jefferson County, IN",18077,14,32110,Unreliable
"Lagrange County, IN",18087,10,40119,Unreliable
"Lawrence County, IN",18093,13,45496,Unreliable
"Miami County, IN",18103,12,35328,Unreliable
"Montgomery County, IN",18107,13,38365,Unreliable
"Perry County, IN",18123,11,19154,Unreliable
"Posey County, IN",18129,14,25275,Unreliable
"Randolph County, IN",18135,14,24191,Unreliable
"Ripley County, IN",18137,10,28448,Unreliable
"Scott County, IN",18143,10,23788,Unreliable
"Starke County, IN",18149,14,23049,Unreliable
"Steuben County, IN",18151,19,34831,Unreliable
"Wabash County, IN",18169,16,30784,Unreliable
"Washington County, IN",18175,12,28213,Unreliable
"Wells County, IN",18179,12,28142,Unreliable
"Benton County, IA",19011,18,25414,Unreliable
"Bremer County, IA",19017,11,25311,Unreliable
"Buena Vista County, IA",19021,10,19772,Unreliable
"Carroll County, IA",19027,12,19914,Unreliable
"Cass County, IA",19029,15,12817,Unreliable
"Clarke County, IA",19039,10,9353,Unreliable
"Clayton County, IA",19043,18,17321,Unreliable
"Delaware County, IA",19055,14,16937,Unreliable
"Fayette County, IA",19065,17,19258,Unreliable
"Guthrie County, IA",19077,12,10737,Unreliable
"Hamilton County, IA",19079,10,14716,Unreliable
"Humboldt County, IA",19091,10,9473,Unreliable
"Iowa County, IA",19095,13,16138,Unreliable
"Jefferson County, IA",19101,16,18347,Unreliable
"Johnson County, IA",19103,18,153740,Unreliable
"Jones County, IA",19105,14,20617,Unreliable
"Lee County, IA",19111,16,33480,Unreliable
"Madison County, IA",19121,14,16521,Unreliable
"Marshall County, IA",19127,10,39495,Unreliable
"Muscatine County, IA",19139,16,42394,Unreliable
"Plymouth County, IA",19149,16,25219,Unreliable
"Poweshiek County, IA",19157,12,18381,Unreliable
"Ringgold County, IA",19159,13,4801,Unreliable
"Shelby County, IA",19165,10,11430,Unreliable
"Sioux County, IA",19167,18,35043,Unreliable
"Tama County, IA",19171,14,16801,Unreliable
"Washington County, IA",19183,13,21992,Unreliable
"Webster County, IA",19187,18,35934,Unreliable
"Barton County, KS",20009,15,25658,Unreliable
"Bourbon County, KS",20011,10,14435,Unreliable
"Butler County, KS",20015,14,66992,Unreliable
"Cherokee County, KS",20021,17,19681,Unreliable
"Crawford County, KS",20037,11,38730,Unreliable
"Finney County, KS",20055,16,35917,Unreliable
"Franklin County, KS",20059,10,25703,Unreliable
"Harvey County, KS",20079,18,34291,Unreliable
"Miami County, KS",20121,11,34334,Unreliable
"Montgomery County, KS",20125,10,31502,Unreliable
"Nemaha County, KS",20131,10,10121,Unreliable
"Rice County, KS",20159,12,9362,Unreliable
"Riley County, KS",20161,19,73202,Unreliable
"Bath County, KY",21011,10,12481,Unreliable
"Bell County, KY",21013,12,25482,Unreliable
"Boyle County, KY",21021,17,30367,Unreliable
"Bullitt County, KY",21029,10,82182,Unreliable
"Calloway County, KY",21035,10,39300,Unreliable
"Christian County, KY",21047,13,71478,Unreliable
"Floyd County, KY",21071,18,34974,Unreliable
"Hardin County, KY",21093,17,111309,Unreliable
"Harlan County, KY",21095,12,25566,Unreliable
"Jessamine County, KY",21113,17,54057,Unreliable
"Johnson County, KY",21115,14,22002,Unreliable
"Knox County, KY",21121,16,31022,Unreliable
"Lewis County, KY",21135,10,13262,Unreliable
"Livingston County, KY",21139,10,9041,Unreliable
"Mason County, KY",21161,10,17035,Unreliable
"Mercer County, KY",21167,16,21889,Unreliable
"Metcalfe County, KY",21169,12,10058,Unreliable
"Montgomery County, KY",21173,10,28186,Unreliable
"Morgan County, KY",21175,11,13142,Unreliable
"Nelson County, KY",21179,16,46450,Unreliable
"Ohio County, KY",21183,10,23899,Unreliable
"Oldham County, KY",21185,14,66999,Unreliable
"Perry County, KY",21193,12,25456,Unreliable
"Pulaski County, KY",21199,17,65530,Unreliable
"Rowan County, KY",21205,12,24682,Unreliable
"Shelby County, KY",21211,15,49611,Unreliable
"Taylor County, KY",21217,14,25707,Unreliable
"Whitley County, KY",21235,11,36451,Unreliable
"Allen Parish, LA",22003,10,25440,Unreliable
"Beauregard Parish, LA",22011,13,37881,Unreliable
"Claiborne Parish, LA",22027,17,15508,Unreliable
"De Soto Parish, LA",22031,15,27650,Unreliable
"Evangeline Parish, LA",22039,18,33276,Unreliable
"Grant Parish, LA",22043,14,22254,Unreliable
"LaSalle Parish, LA",22059,17,15021,Unreliable
"Pointe Coupee Parish, LA",22077,18,21529,Unreliable
"Sabine Parish, LA",22085,14,23803,Unreliable
"St. John the Baptist Parish, LA",22095,14,42516,Unreliable
"Union Parish, LA",22111,16,22170,Unreliable
"Vernon Parish, LA",22115,11,47894,Unreliable
"West Baton Rouge Parish, LA",22121,11,26792,Unreliable
"Winn Parish, LA",22127,12,13839,Unreliable
"Aroostook County, ME",23003,16,66804,Unreliable
"Hancock County, ME",23009,15,55088,Unreliable
"Oxford County, ME",23017,10,58132,Unreliable
"Sagadahoc County, ME",23023,18,36044,Unreliable
"Somerset County, ME",23025,14,50635,Unreliable
"Waldo County, ME",23027,19,39923,Unreliable
"Allegany County, MD",24001,16,70057,Unreliable
"Charles County, MD",24017,16,164436,Unreliable
"Dorchester County, MD",24019,11,31853,Unreliable
"Kent County, MD",24029,16,19192,Unreliable
"St. Mary's County, MD",24037,13,114687,Unreliable
"Worcester County, MD",24047,14,52403,Unreliable
"Franklin County, MA",25011,14,70267,Unreliable
"Hampshire County, MA",25015,11,161401,Unreliable
"Antrim County, MI",26009,13,23449,Unreliable
"Arenac County, MI",26011,10,14953,Unreliable
"Cheboygan County, MI",26031,10,25365,Unreliable
"Crawford County, MI",26039,11,13981,Unreliable
"Dickinson County, MI",26043,15,25112,Unreliable
"Gladwin County, MI",26051,15,25424,Unreliable
"Gogebic County, MI",26053,10,13842,Unreliable
"Iron County, MI",26071,12,11066,Unreliable
"Isabella County, MI",26073,15,69504,Unreliable
"Menominee County, MI",26109,10,22608,Unreliable
"Oceana County, MI",26127,14,26819,Unreliable
"Ogemaw County, MI",26129,16,20923,Unreliable
"Osceola County, MI",26133,13,23466,Unreliable
"Otsego County, MI",26137,12,24765,Unreliable
"Roscommon County, MI",26143,18,23986,Unreliable
"Schoolcraft County, MI",26153,12,8104,Unreliable
"Wexford County, MI",26165,17,33743,Unreliable
"Becker County, MN",27005,15,34456,Unreliable
"Brown County, MN",27015,12,24846,Unreliable
"Carlton County, MN",27017,17,35769,Unreliable
"Carver County, MN",27019,17,106565,Unreliable
"Cass County, MN",27021,13,29928,Unreliable
"Hubbard County, MN",27057,17,21783,Unreliable
"Isanti County, MN",27059,14,41429,Unreliable
"Kandiyohi County, MN",27067,19,43130,Unreliable
"Lake County, MN",27075,15,10639,Unreliable
"Le Sueur County, MN",27079,11,28741,Unreliable
"Martin County, MN",27091,17,19484,Unreliable
"Meeker County, MN",27093,15,23341,Unreliable
"Pine County, MN",27115,16,29359,Unreliable
"Renville County, MN",27129,13,14403,Unreliable
"Steele County, MN",27147,15,36596,Unreliable
"Todd County, MN",27153,13,24732,Unreliable
"Wadena County, MN",27159,17,13807,Unreliable
"Winona County, MN",27169,19,50485,Unreliable
"Adams County, MS",28001,15,30275,Unreliable
"Chickasaw County, MS",28017,16,16951,Unreliable
"Choctaw County, MS",28019,12,8063,Unreliable
"Clarke County, MS",28023,13,15299,Unreliable
"Copiah County, MS",28029,17,27933,Unreliable
"George County, MS",28039,14,24425,Unreliable
"Greene County, MS",28041,10,13477,Unreliable
"Hancock County, MS",28045,18,48000,Unreliable
"Jasper County, MS",28061,14,16332,Unreliable
"Kemper County, MS",28069,11,9521,Unreliable
"Lincoln County, MS",28085,14,33936,Unreliable
"Marion County, MS",28091,17,24441,Unreliable
"Newton County, MS",28101,18,20866,Unreliable
"Noxubee County, MS",28103,10,10236,Unreliable
"Panola County, MS",28107,16,33848,Unreliable
"Perry County, MS",28111,17,11862,Unreliable
"Simpson County, MS",28127,13,26629,Unreliable
"Smith County, MS",28129,16,15779,Unreliable
"Stone County, MS",28131,18,18360,Unreliable
"Sunflower County, MS",28133,12,24740,Unreliable
"Tate County, MS",28137,19,28539,Unreliable
"Tippah County, MS",28139,14,21748,Unreliable
"Walthall County, MS",28147,16,14294,Unreliable
"Washington County, MS",28151,14,42837,Unreliable
"Wayne County, MS",28153,11,20317,Unreliable
"Webster County, MS",28155,12,9676,Unreliable
"Winston County, MS",28159,16,17845,Unreliable
"Yalobusha County, MS",28161,17,11982,Unreliable
"Adair County, MO",29001,19,25399,Unreliable
"Audrain County, MO",29007,11,24835,Unreliable
"Barry County, MO",29009,19,35818,Unreliable
"Benton County, MO",29015,11,19627,Unreliable
"Callaway County, MO",29027,11,44887,Unreliable
"Camden County, MO",29029,17,46414,Unreliable
"Clinton County, MO",29049,12,20553,Unreliable
"Cole County, MO",29051,13,76191,Unreliable
"Dallas County, MO",29059,16,17219,Unreliable
"DeKalb County, MO",29063,10,10944,Unreliable
"Henry County, MO",29083,13,22076,Unreliable
"Howell County, MO",29091,12,40262,Unreliable
"Lafayette County, MO",29107,13,33006,Unreliable
"Macon County, MO",29121,10,15095,Unreliable
"Marion County, MO",29127,13,28423,Unreliable
"Mississippi County, MO",29133,12,12691,Unreliable
"New Madrid County, MO",29143,16,16693,Unreliable
"Nodaway County, MO",29147,14,21743,Unreliable
"Phelps County, MO",29161,17,44414,Unreliable
"Polk County, MO",29167,14,32490,Unreliable
"Ray County, MO",29177,16,22915,Unreliable
"Stoddard County, MO",29207,18,29001,Unreliable
"Stone County, MO",29209,17,32465,Unreliable
"Taney County, MO",29213,17,56104,Unreliable
"Washington County, MO",29221,14,24604,Unreliable
"Wayne County, MO",29223,10,12769,Unreliable
"Webster County, MO",29225,13,39859,Unreliable
"Park County, MT",30067,10,16760,Unreliable
"Ravalli County, MT",30081,19,45002,Unreliable
"Silver Bow County, MT",30093,17,35180,Unreliable
"Adams County, NE",31001,12,31321,Unreliable
"Buffalo County, NE",31019,17,50114,Unreliable
"Cass County, NE",31025,14,26232,Unreliable
"Dodge County, NE",31053,17,36222,Unreliable
"Gage County, NE",31067,17,21431,Unreliable
"Holt County, NE",31089,12,9956,Unreliable
"Lincoln County, NE",31111,12,34347,Unreliable
"Madison County, NE",31119,19,34813,Unreliable
"Otoe County, NE",31131,10,15965,Unreliable
"Platte County, NE",31141,14,33364,Unreliable
"Saunders County, NE",31155,11,21927,Unreliable
"Scotts Bluff County, NE",31157,17,35299,Unreliable
"Douglas County, NV",32005,11,49088,Unreliable
"Elko County, NV",32007,16,53006,Unreliable
"Carson City, NV",32510,19,56034,Unreliable
"Hunterdon County, NJ",34019,14,124797,Unreliable
"Chaves County, NM",35005,10,64711,Unreliable
"Curry County, NM",35009,19,48793,Unreliable
"Grant County, NM",35017,13,27007,Unreliable
"Luna County, NM",35029,13,23905,Unreliable
"Otero County, NM",35035,14,67967,Unreliable
"Quay County, NM",35037,10,8197,Unreliable
"Rio Arriba County, NM",35039,10,38521,Unreliable
"Roosevelt County, NM",35041,15,18350,Unreliable
"Taos County, NM",35055,13,32593,Unreliable
"Valencia County, NM",35061,15,77574,Unreliable
"Allegany County, NY",36003,16,45587,Unreliable
"Chenango County, NY",36017,13,46730,Unreliable
"Clinton County, NY",36019,10,79778,Unreliable
"Columbia County, NY",36021,14,59534,Unreliable
"Fulton County, NY",36035,15,52812,Unreliable
"Herkimer County, NY",36043,19,60945,Unreliable
"Montgomery County, NY",36057,10,49170,Unreliable
"Oswego County, NY",36075,13,116346,Unreliable
"Putnam County, NY",36079,12,98532,Unreliable
"Seneca County, NY",36099,15,33991,Unreliable
"Tompkins County, NY",36109,16,101058,Unreliable
"Wayne County, NY",36117,17,89339,Unreliable
"Anson County, NC",37007,15,24097,Unreliable
"Ashe County, NC",37009,14,27166,Unreliable
"Bertie County, NC",37015,12,18712,Unreliable
"Caswell County, NC",37033,15,22443,Unreliable
"Dare County, NC",37055,12,37547,Unreliable
"Davie County, NC",37059,15,43286,Unreliable
"Gates County, NC",37073,10,11464,Unreliable
"Greene County, NC",37079,10,20928,Unreliable
"Hoke County, NC",37093,17,55830,Unreliable
"Jackson County, NC",37099,18,44033,Unreliable
"McDowell County, NC",37111,17,45782,Unreliable
"Madison County, NC",37115,13,21740,Unreliable
"Mitchell County, NC",37121,13,14881,Unreliable
"Northampton County, NC",37131,19,19088,Unreliable
"Pasquotank County, NC",37139,17,40372,Unreliable
"Person County, NC",37145,17,39925,Unreliable
"Polk County, NC",37149,13,21030,Unreliable
"Warren County, NC",37185,10,19522,Unreliable
"Yancey County, NC",37199,13,18099,Unreliable
"Barnes County, ND",38003,11,10402,Unreliable
"Griggs County, ND",38039,10,2207,Unreliable
"Morton County, ND",38059,15,31503,Unreliable
"Williams County, ND",38105,11,38700,Unreliable
"Carroll County, OH",39019,13,26897,Unreliable
"Champaign County, OH",39021,18,38960,Unreliable
"Defiance County, OH",39039,18,37778,Unreliable
"Fayette County, OH",39047,19,28579,Unreliable
"Gallia County, OH",39053,16,29802,Unreliable
"Guernsey County, OH",39059,16,38779,Unreliable
"Hardin County, OH",39065,18,31469,Unreliable
"Harrison County, OH",39067,10,15014,Unreliable
"Holmes County, OH",39075,18,44004,Unreliable
"Logan County, OH",39091,17,45326,Unreliable
"Madison County, OH",39097,19,44559,Unreliable
"Meigs County, OH",39105,15,22678,Unreliable
"Mercer County, OH",39107,16,41274,Unreliable
"Morrow County, OH",39117,15,35411,Unreliable
"Paulding County, OH",39125,16,18648,Unreliable
"Perry County, OH",39127,11,36215,Unreliable
"Pike County, OH",39131,17,27695,Unreliable
"Preble County, OH",39135,17,40836,Unreliable
"Putnam County, OH",39137,12,33654,Unreliable
"Union County, OH",39159,13,60021,Unreliable
"Van Wert County, OH",39161,18,28159,Unreliable
"Beckham County, OK",40009,19,21468,Unreliable
"Caddo County, OK",40015,10,28684,Unreliable
"Choctaw County, OK",40023,17,14646,Unreliable
"Custer County, OK",40039,14,28648,Unreliable
"Delaware County, OK",40041,18,43136,Unreliable
"Hughes County, OK",40063,11,13126,Unreliable
"Kay County, OK",40071,15,43274,Unreliable
"Kiowa County, OK",40075,10,8741,Unreliable
"Logan County, OK",40083,14,48777,Unreliable
"McCurtain County, OK",40089,19,32772,Unreliable
"Marshall County, OK",40095,11,17114,Unreliable
"Mayes County, OK",40097,16,41152,Unreliable
"Murray County, OK",40099,15,13955,Unreliable
"Muskogee County, OK",40101,19,67610,Unreliable
"Osage County, OK",40113,13,46642,Unreliable
"Pawnee County, OK",40117,10,16381,Unreliable
"Seminole County, OK",40133,15,24248,Unreliable
"Stephens County, OK",40137,19,43100,Unreliable
"Baker County, OR",41001,12,16284,Unreliable
"Columbia County, OR",41009,15,52876,Unreliable
"Crook County, OR",41013,10,25105,Unreliable
"Hood River County, OR",41027,15,23280,Unreliable
"Lincoln County, OR",41041,19,50583,Unreliable
"Bedford County, PA",42009,17,47817,Unreliable
"Huntingdon County, PA",42061,15,44590,Unreliable
"Jefferson County, PA",42065,12,43108,Unreliable
"Pike County, PA",42103,13,56072,Unreliable
"Snyder County, PA",42109,13,40317,Unreliable
"Susquehanna County, PA",42115,14,40006,Unreliable
"Tioga County, PA",42117,12,40381,Unreliable
"Union County, PA",42119,16,44294,Unreliable
"Bamberg County, SC",45009,10,13906,Unreliable
"Cherokee County, SC",45021,15,57316,Unreliable
"Chester County, SC",45023,14,32232,Unreliable
"Dillon County, SC",45033,19,30367,Unreliable
"Edgefield County, SC",45037,16,27120,Unreliable
"Hampton County, SC",45049,15,18053,Unreliable
"Jasper County, SC",45053,16,31588,Unreliable
"Marion County, SC",45067,19,30158,Unreliable
"Marlboro County, SC",45069,12,25581,Unreliable
"Union County, SC",45087,14,26991,Unreliable
"Williamsburg County, SC",45089,16,29825,Unreliable
"Brookings County, SD",46011,14,35603,Unreliable
"Fall River County, SD",46047,11,6708,Unreliable
"Hughes County, SD",46065,12,17336,Unreliable
"Hutchinson County, SD",46067,12,7282,Unreliable
"Lawrence County, SD",46081,12,26221,Unreliable
"Bedford County, TN",47003,16,50179,Unreliable
"Benton County, TN",47005,17,16131,Unreliable
"Bledsoe County, TN",47007,10,15223,Unreliable
"Carter County, TN",47019,17,56418,Unreliable
"Claiborne County, TN",47025,14,32023,Unreliable
"Crockett County, TN",47033,16,14180,Unreliable
"DeKalb County, TN",47041,10,20837,Unreliable
"Dyer County, TN",47045,15,36693,Unreliable
"Greene County, TN",47059,18,69571,Unreliable
"Hardeman County, TN",47069,13,24836,Unreliable
"Hickman County, TN",47081,11,25387,Unreliable
"Lauderdale County, TN",47097,14,25451,Unreliable
"Marion County, TN",47115,16,28924,Unreliable
"Marshall County, TN",47117,14,35016,Unreliable
"Monroe County, TN",47123,19,47177,Unreliable
"Polk County, TN",47139,15,16835,Unreliable
"Scott County, TN",47151,10,22090,Unreliable
"Union County, TN",47173,11,20187,Unreliable
"Wayne County, TN",47181,10,16524,Unreliable
"Weakley County, TN",47183,16,33334,Unreliable
"Aransas County, TX",48007,16,23814,Unreliable
"Bandera County, TX",48019,11,23861,Unreliable
"Bee County, TX",48025,15,32513,Unreliable
"Brooks County, TX",48047,11,6964,Unreliable
"Brown County, TX",48049,19,37633,Unreliable
"Burleson County, TX",48051,11,18514,Unreliable
"Calhoun County, TX",48057,17,21001,Unreliable
"Cherokee County, TX",48073,13,52875,Unreliable
"Coke County, TX",48081,11,3323,Unreliable
"Comanche County, TX",48093,15,13750,Unreliable
"Dawson County, TX",48115,14,12974,Unreliable
"Deaf Smith County, TX",48117,11,18277,Unreliable
"DeWitt County, TX",48123,13,20174,Unreliable
"Eastland County, TX",48133,16,18388,Unreliable
"Fayette County, TX",48149,10,25547,Unreliable
"Freestone County, TX",48161,11,19874,Unreliable
"Gonzales County, TX",48177,14,20948,Unreliable
"Gray County, TX",48179,14,21658,Unreliable
"Grimes County, TX",48185,14,29614,Unreliable
"Hockley County, TX",48219,17,22921,Unreliable
"Hopkins County, TX",48223,14,37170,Unreliable
"Karnes County, TX",48255,10,15562,Unreliable
"Lamb County, TX",48279,16,12710,Unreliable
"Lavaca County, TX",48285,18,20216,Unreliable
"Lee County, TX",48287,11,17397,Unreliable
"Leon County, TX",48289,11,17493,Unreliable
"Madison County, TX",48313,13,14427,Unreliable
"Milam County, TX",48331,14,24708,Unreliable
"Montague County, TX",48337,13,19962,Unreliable
"Newton County, TX",48351,11,13414,Unreliable
"Nolan County, TX",48353,13,14835,Unreliable
"Palo Pinto County, TX",48363,13,29320,Unreliable
"Panola County, TX",48365,19,23187,Unreliable
"Pecos County, TX",48371,15,15718,Unreliable
"Red River County, TX",48387,15,11995,Unreliable
"Reeves County, TX",48389,12,15949,Unreliable
"Runnels County, TX",48399,12,10401,Unreliable
"Sabine County, TX",48403,16,10507,Unreliable
"San Jacinto County, TX",48407,13,29301,Unreliable
"Scurry County, TX",48415,15,16662,Unreliable
"Terry County, TX",48445,11,12183,Unreliable
"Titus County, TX",48449,14,32926,Unreliable
"Trinity County, TX",48455,18,14883,Unreliable
"Tyler County, TX",48457,16,21591,Unreliable
"Upshur County, TX",48459,19,42166,Unreliable
"Walker County, TX",48471,14,72164,Unreliable
"Waller County, TX",48473,13,57452,Unreliable
"Washington County, TX",48477,14,35771,Unreliable
"Wharton County, TX",48481,12,41685,Unreliable
"Willacy County, TX",48489,19,21161,Unreliable
"Wood County, TX",48499,17,46291,Unreliable
"Carbon County, UT",49007,14,20760,Unreliable
"Sanpete County, UT",49039,10,31393,Unreliable
"Sevier County, UT",49041,11,21780,Unreliable
"Uintah County, UT",49047,15,35970,Unreliable
"Addison County, VT",50001,17,36851,Unreliable
"Caledonia County, VT",50005,18,29705,Unreliable
"Franklin County, VT",50011,19,49685,Unreliable
"Lamoille County, VT",50015,11,25341,Unreliable
"Windham County, VT",50025,11,42015,Unreliable
"Alleghany County, VA",51005,17,14701,Unreliable
"Amherst County, VA",51009,14,31667,Unreliable
"Appomattox County, VA",51011,11,16043,Unreliable
"Botetourt County, VA",51023,12,33633,Unreliable
"Clarke County, VA",51043,18,14622,Unreliable
"Culpeper County, VA",51047,16,53569,Unreliable
"Dinwiddie County, VA",51053,10,28688,Unreliable
"Goochland County, VA",51075,12,24431,Unreliable
"Isle of Wight County, VA",51093,10,37725,Unreliable
"King William County, VA",51101,10,17641,Unreliable
"Lancaster County, VA",51103,10,10618,Unreliable
"Louisa County, VA",51109,17,38132,Unreliable
"Mathews County, VA",51115,10,8766,Unreliable
"Middlesex County, VA",51119,10,10569,Unreliable
"Montgomery County, VA",51121,13,98391,Unreliable
"Northumberland County, VA",51133,11,12069,Unreliable
"Page County, VA",51139,13,23933,Unreliable
"Patrick County, VA",51141,12,17493,Unreliable
"Pittsylvania County, VA",51143,19,59850,Unreliable
"Prince Edward County, VA",51147,13,23006,Unreliable
"Richmond County, VA",51159,11,9071,Unreliable
"Russell County, VA",51167,13,26647,Unreliable
"Scott County, VA",51169,12,21629,Unreliable
"Smyth County, VA",51173,15,30090,Unreliable
"Southampton County, VA",51175,10,17636,Unreliable
"Tazewell County, VA",51185,18,40529,Unreliable
"Westmoreland County, VA",51193,13,18149,Unreliable
"Bristol city, VA",51520,15,17329,Unreliable
"Charlottesville city, VA",51540,15,46950,Unreliable
"Danville city, VA",51590,12,39869,Unreliable
"Fredericksburg city, VA",51630,18,29492,Unreliable
"Harrisonburg city, VA",51660,14,53204,Unreliable
"Manassas city, VA",51683,14,40869,Unreliable
"Martinsville city, VA",51690,10,12355,Unreliable
"Petersburg city, VA",51730,10,30446,Unreliable
"Salem city, VA",51775,11,25340,Unreliable
"Staunton city, VA",51790,19,25190,Unreliable
"Asotin County, WA",53003,13,22820,Unreliable
"Okanogan County, WA",53047,18,42620,Unreliable
"Barbour County, WV",54001,11,16444,Unreliable
"Braxton County, WV",54007,12,13702,Unreliable
"Brooke County, WV",54009,15,21674,Unreliable
"Greenbrier County, WV",54025,17,34319,Unreliable
"Hancock County, WV",54029,19,28571,Unreliable
"Jefferson County, WV",54037,15,57486,Unreliable
"Lewis County, WV",54041,12,15805,Unreliable
"Lincoln County, WV",54043,17,20043,Unreliable
"Logan County, WV",54045,19,31688,Unreliable
"Marion County, WV",54049,15,55962,Unreliable
"Marshall County, WV",54051,15,30103,Unreliable
"Mason County, WV",54053,10,26335,Unreliable
"Mingo County, WV",54059,14,22951,Unreliable
"Morgan County, WV",54065,12,17873,Unreliable
"Nicholas County, WV",54067,10,24340,Unreliable
"Ohio County, WV",54069,18,41182,Unreliable
"Preston County, WV",54077,12,33380,Unreliable
"Randolph County, WV",54083,16,28387,Unreliable
"Roane County, WV",54087,13,13482,Unreliable
"Taylor County, WV",54091,11,16699,Unreliable
"Adams County, WI",55001,11,20498,Unreliable
"Calumet County, WI",55015,18,50209,Unreliable
"Clark County, WI",55019,11,34720,Unreliable
"Crawford County, WI",55023,12,16021,Unreliable
"Door County, WI",55029,12,27889,Unreliable
"Dunn County, WI",55033,12,45452,Unreliable
"Jackson County, WI",55053,19,20630,Unreliable
"Juneau County, WI",55057,12,26908,Unreliable
"Kewaunee County, WI",55061,10,20386,Unreliable
"Langlade County, WI",55067,16,19119,Unreliable
"Monroe County, WI",55081,18,46582,Unreliable
"Oneida County, WI",55085,14,35751,Unreliable
"Polk County, WI",55095,18,43794,Unreliable
"Price County, WI",55099,14,13245,Unreliable
"Rusk County, WI",55107,10,14022,Unreliable
"Washburn County, WI",55129,16,15712,Unreliable
"Waushara County, WI",55137,18,24326,Unreliable
"Albany County, WY",56001,11,38950,Unreliable
"Sweetwater County, WY",56037,16,42673,Unreliable